Supplier,Title,Image,Description
TREESCO,Parka Enfant Percussion Dubon Camo,https://www.madeinchasse.com/media/catalog/product/cache/2/image/9df78eab33525d08d6e5fb8d27136e95/2/9/2909-parka-dubon-enfant-camo-ce-face-2015.jpg,La Parka Enfant Dubon Camo de Percussion est une veste de chasse pour enfant chaude et déperlante.
TREESCO,Blouson polaire Enfant Percussion - Orange / Kaki,https://www.madeinchasse.com/media/catalog/product/cache/2/image/9df78eab33525d08d6e5fb8d27136e95/2/9/2927-blouson_polaire_enfant-orange-34-2022.jpg,Le blouson de chasse polaire Enfant Orange / Kaki de Percussion est une polaire chaude et confortable.
TREESCO,Blouson de chasse ProHunt Puma Evo - Snake Blaze,https://www.madeinchasse.com/media/catalog/product/cache/2/image/9df78eab33525d08d6e5fb8d27136e95/p/h/phpo011-blouson_puma-snake_blaze-34-2022.jpg,"Le blouson ProHunt Puma Evo - Snake Blaze est une veste de chasse silencieuse, souple, étanche et respirante."
TREESCO,Blouson de chasse Percussion Softrack,https://www.madeinchasse.com/media/catalog/product/cache/2/image/9df78eab33525d08d6e5fb8d27136e95/1/5/15195-blouson_softrack-orange_ghostcamo_blaze_black-34-retouche-2020.jpg,Le blouson Percussion Softrack est un blouson de chasse 100% Polyester légèrement stretch avec une membrane imperméable et respirante.
TREESCO,Blouson polaire ProHunt Wolf - Snake Blaze - Snake Forest,https://www.madeinchasse.com/media/catalog/product/cache/2/image/9df78eab33525d08d6e5fb8d27136e95/b/l/blouson-homme-ligne-verney-carron-wolf-snake-blaze-orange-forest-z-1787-178713.jpg,Le blouson ProHunt Wolf - Snake Blaze - Snake Forest est un blouson de chasse polaire double couche à capuche.
GILBERT,Caleçon Polaire Kaki,https://www.gilbert-production.fr/300-home_default/calecon-polaire-kaki.jpg,Ce Caleçon polaire est idéal à porter en Hiver. Sa composition polyester micro-polaire conserve la chaleur près du corps tout en offrant une grande douceur. Le Caleçon peut se porter en association avec le T-shirt à col rond Polaire (réf. TS181)
TREESCO,Casquette ProHunt Snake - Ghost Camo Snake Blaze,https://www.madeinchasse.com/media/catalog/product/cache/2/image/9df78eab33525d08d6e5fb8d27136e95/p/h/phte001-casquette-snake-ghost-camo-snake-blaze-34-2017.jpg,"La casquette de chasse Snake - Ghost Camo Snake Blaze de ProHunt, est une casquette imperméable et respirante."
TREESCO,Chaussures de chasse ProHunt Chamois,https://www.madeinchasse.com/media/catalog/product/cache/2/image/9df78eab33525d08d6e5fb8d27136e95/p/h/phpi008-chaussure-chamois-kaki-face-2020.jpg,"Les chaussures ProHunt Chamois sont des chaussures de chasse en textile et cuir, complètement étanches grâce à une membrane imper-respirante et des coutures soudées."
TREESCO,Chaussures de chasse Ligne Verney-Carron Fox,https://www.madeinchasse.com/media/catalog/product/cache/2/image/9df78eab33525d08d6e5fb8d27136e95/l/v/lvpi103-chaussure-fox-marron-hd-2017.jpg,"Les chaussures de chasse FOX de Ligne Verney-Carron sont des chaussures de chasse techniques, tige basse, pour être à l'aise sur les terrains difficiles."
TREESCO,Chaussures de chasse ProHunt Ibex,https://www.madeinchasse.com/media/catalog/product/cache/2/image/9df78eab33525d08d6e5fb8d27136e95/p/h/phpi002-chaussure-ibex-marron-hd-2017.jpg,Les chaussures de chasse IBEX de ProHunt sont des chaussures de chasse techniques parfaites pour les territoires les soumettant à rude épreuve.
GK,MAGNUM STRIKE FORCE 8.0,https://gkpro.fr/wp-content/uploads/2023/07/strike-force-600x600.png,"La Magnum Strike Force 8.0 est une paire de chaussures complète conçue spécialement pour répondre aux besoins des professionnels. En outre, elle offre une combinaison parfaite de durabilité, de confort et de style. De plus elle est faite en matière recyclée !
Certifié selon la norme européenne EN ISO 20347: 2012 OB E FO HI CI HRO AN SRC, vous pouvez les utiliser en tant que chaussures de travail EPI.
En ce qui concerne les avantages de la MAGNUM Strike Force 8.0, elle dispose d’une semelle intérieure amovible en PU M-PACT+ pour un maximum de confort et d’absorption des chocs. De plus, la semelle intermédiaire est en EVA M-PACT amortissant compressé moulé, ce qui améliore l’amortissement.
La semelle extérieure en caoutchouc carbone MICHELIN ® crantée assure une excellente adhérence sur diverses surfaces (adhérence SRC). Elle a également une résistance aux hydrocarbures, à l’abrasion et à la chaleur HRO. Enfin, pour un confort optimal, la languette et le col sont rembourrés afin de réduire les points de pression et les frottements désagréables.
La Magnum Strike Force 8.0 vous accompagnera dans toutes vos activités quotidiennes.
CARACTÉRISTIQUES :

Couleur : Noire
Poids : 625 g le pied – taille 42
Du 35 au 48
Hauteur de la chaussure : 17 cm
Double zips
Protection cheville
Matière respirante
Absorption des chocs
Resistance glissade et hydrocarbures
Norme HRO et SRC
Réalisé en matière recyclée et recyclable

COMPOSITION DES MAGNUM LYNX PLUS 8.0 :

Cuir pleine fleur respirant
Polyester recyclé anti-abrasion et respirant
Nylon / Mousse respirante avec traitement anti-bactérien
Semelle EVA M-PACT"
GK,MAGNUM CENTURION 8.0 SZ CT,https://gkpro.fr/wp-content/uploads/2024/02/MAG-1387-web-600x600.jpg,"Certifiées selon la norme européenne EN ISO 20347:2012 OB E FO SRA, ces chaussures offrent une protection inégalée contre les risques potentiels. Leur tige en cuir respirant et en nylon anti-abrasion garantit une durabilité et une ventilation optimales, vous permettant de rester concentré sur votre mission sans être gêné par des chaussures inconfortables.
La fermeture à glissière YKK® côté intérieur facilite l’enfilage rapide, tandis que le collier et la languette matelassés assurent un confort supérieur, essentiel lors de longues heures de surveillance ou de patrouille. De plus, la semelle intérieure en EVA offre un soutien personnalisé et un amorti optimal, réduisant la fatigue même lors des gardes prolongées.
Mais ce n’est pas tout. La semelle extérieure en PU injecté double densité offre une adhérence maximale (SRA) sur toutes les surfaces, vous assurant une stabilité et une confiance accrues à chaque pas. Les Magnum Centurion 8.0 SZ CT ne sont pas seulement des chaussures, ce sont des outils indispensables pour mener à bien vos missions avec succès.
Faites confiance à Magnum pour vous fournir le confort, la protection et la performance dont vous avez besoin pour être au sommet de votre jeu, à chaque instant.
LA MARQUE MAGNUM :
Spécialiste de la chaussure d’intervention depuis presque 40 ans, MAGNUM est le leader sur le marché international dans près de 100 pays dans le monde. Collaborant quotidiennement avec des professionnels civils et militaires, l’équipe MAGNUM est en lien direct avec le terrain, créant des produits spécialisés innovants et adaptés aux attentes des agents.
Développées et testées en France, leurs chaussures sont appréciées pour leur technologie, leur performance et sont conformes aux normes européennes.
CARACTÉRISTIQUES :

Couleur : Noire
Testé et certifié à la norme européenne EN ISO 20345 : 2011 SB E FO SRA concernant les chaussures de sécurité EPI
Poids : 605 g le pied taille 42
du 35 au 50
Fermeture à glissière YKK® côté intérieur
Collier et languette matelassés pour un meilleur confort
Œillets copolymères
Lacets ronds avec embouts
Hauteur de tige : 19 cm

COMPOSITION DES MAGNUM CENTURION 8.0 SZ CT :

Cuir respirant / nylon anti-abrasion et respirant
Doublure mesh
Coque composite avant pied
Semelle Intérieure amovible EVA
Semelle extérieur PU injecté double densité adhérence SRA et résistante aux hydrocarbures / à l’abrasion"
GK,MAGNUM CENTURION 8.0 SZ CT,https://gkpro.fr/wp-content/uploads/2024/02/MAG-1387-web-600x600.jpg,"Certifiées selon la norme européenne EN ISO 20347:2012 OB E FO SRA, ces chaussures offrent une protection inégalée contre les risques potentiels. Leur tige en cuir respirant et en nylon anti-abrasion garantit une durabilité et une ventilation optimales, vous permettant de rester concentré sur votre mission sans être gêné par des chaussures inconfortables.
La fermeture à glissière YKK® côté intérieur facilite l’enfilage rapide, tandis que le collier et la languette matelassés assurent un confort supérieur, essentiel lors de longues heures de surveillance ou de patrouille. De plus, la semelle intérieure en EVA offre un soutien personnalisé et un amorti optimal, réduisant la fatigue même lors des gardes prolongées.
Mais ce n’est pas tout. La semelle extérieure en PU injecté double densité offre une adhérence maximale (SRA) sur toutes les surfaces, vous assurant une stabilité et une confiance accrues à chaque pas. Les Magnum Centurion 8.0 SZ CT ne sont pas seulement des chaussures, ce sont des outils indispensables pour mener à bien vos missions avec succès.
Faites confiance à Magnum pour vous fournir le confort, la protection et la performance dont vous avez besoin pour être au sommet de votre jeu, à chaque instant.
LA MARQUE MAGNUM :
Spécialiste de la chaussure d’intervention depuis presque 40 ans, MAGNUM est le leader sur le marché international dans près de 100 pays dans le monde. Collaborant quotidiennement avec des professionnels civils et militaires, l’équipe MAGNUM est en lien direct avec le terrain, créant des produits spécialisés innovants et adaptés aux attentes des agents.
Développées et testées en France, leurs chaussures sont appréciées pour leur technologie, leur performance et sont conformes aux normes européennes.
CARACTÉRISTIQUES :

Couleur : Noire
Testé et certifié à la norme européenne EN ISO 20345 : 2011 SB E FO SRA concernant les chaussures de sécurité EPI
Poids : 605 g le pied taille 42
du 35 au 50
Fermeture à glissière YKK® côté intérieur
Collier et languette matelassés pour un meilleur confort
Œillets copolymères
Lacets ronds avec embouts
Hauteur de tige : 19 cm

COMPOSITION DES MAGNUM CENTURION 8.0 SZ CT :

Cuir respirant / nylon anti-abrasion et respirant
Doublure mesh
Coque composite avant pied
Semelle Intérieure amovible EVA
Semelle extérieur PU injecté double densité adhérence SRA et résistante aux hydrocarbures / à l’abrasion"
TREESCO,Chemise de chasse Percussion F1 Coton Kaki,https://www.madeinchasse.com/media/catalog/product/cache/2/image/9df78eab33525d08d6e5fb8d27136e95/1/5/1511-chemise-f1-coton-kaki-face-2015.jpg,"La chemise de chasse F1 coton Kaki de Percussion est inspiré des tenues militaires, et vous apportera confort grâce à sa maille 100 % Coton."
GILBERT,Chemise F1 Polaire Camouflage,https://www.gilbert-production.fr/184-home_default/chemise-f1-polaire-camouflage.jpg,Cette Chemise F1 est un modèle mixte. Elle est conçue dans un tissu en micro-polaire polyester pour garantir Confort et Chaleur sur le terrain.
TREESCO,Chemise de chasse Percussion F1 polaire Kaki,https://www.madeinchasse.com/media/catalog/product/cache/2/image/9df78eab33525d08d6e5fb8d27136e95/1/5/1510-chemise-f1-polaire--kaki-face_1.jpg,"La chemise de chasse F1 polaire Kaki de Percussion est inspiré des tenues militaires, et vous apportera confort et chaleur grâce à sa maille 100 % micro-polaire."
GILBERT,Chemise F2 Manches Courtes Camouflage CE,https://www.gilbert-production.fr/329-home_default/chemise-f2-manches-courtes-camouflage-desert.jpg,La Chemise F2 à manches courtes fait partie des modèles officiels de l’Armée Française. Elle s’accorde avec le Pantalon F2 Camouflage (réf. P122).
GILBERT,Combinaison HADES Noir,https://www.gilbert-production.fr/59-home_default/combinaison-hades-noir.jpg,"La Combinaison Tactique à 2 fermetures s’avère aussi Pratique que Confortable. Facile à enfiler et à ôter, elle protège des tâches tout en apportant un confort et une bonne aisance."
TREESCO,Veste chaude coupe-vent Percussion Renfort - GhostCamo Black & Blaze,https://www.madeinchasse.com/media/catalog/product/cache/2/image/9df78eab33525d08d6e5fb8d27136e95/1/3/13119-coupe-vent_renfort_chaud-gc-b_b-34-2021.jpg,"La veste chaude coupe-vent Percussion Renfort - GhostCamo Black & Blaze est une veste de chasse ouatinée et imperméable, avec une doublure polaire pour affronter tous les temps."
TREESCO,Ensemble de pluie Percussion - Kaki,https://www.madeinchasse.com/media/catalog/product/cache/2/image/9df78eab33525d08d6e5fb8d27136e95/1/3/1340-tenue-de-pluie-kaki-face-2015_1.jpg,"Léger et 100% imperméable, l'ensemble de pluie Kaki de Percussion sera votre meilleur allié pour vous protéger de la pluie lors de vos chasses au poste."
TREESCO,Ensemble de pluie Percussion - Camo,https://www.madeinchasse.com/media/catalog/product/cache/2/image/9df78eab33525d08d6e5fb8d27136e95/1/3/1345-tenue-de-pluie-camo-face-2015.jpg,"Léger et 100% imperméable, l'ensemble de pluie Camo de Percussion sera votre meilleur allié pour vous protéger de la pluie lors de vos chasses au poste."
TREESCO,Fourreau fusil Percussion Kaki - 130 cm,https://www.madeinchasse.com/media/catalog/product/cache/2/image/9df78eab33525d08d6e5fb8d27136e95/2/7/2711-fourreau-a_-fusil-kaki-face.jpg,Le fourreau à fusil Kaki de Percussion est un fourreau de longueur 130 cm.
TREESCO,Fourreau fusil Percussion Camo - 130 cm,https://www.madeinchasse.com/media/catalog/product/cache/2/image/9df78eab33525d08d6e5fb8d27136e95/2/7/2719-fourreau-a-fusil-camo-camo-ce-face-2015.jpg,Le fourreau à fusil Camo de Percussion est un fourreau de longueur 130 cm.
TREESCO,Fourreau fusil Percussion GhostCamo B&B - 130 cm,https://www.madeinchasse.com/media/catalog/product/cache/2/image/9df78eab33525d08d6e5fb8d27136e95/2/7/2768-fourreau-a-fusil-ghostcamo-b_b-face-2015.jpg,Le fourreau à fusil GhostCamo Blaze & Black de Percussion est un fourreau de longueur 130 cm.
TREESCO,Fourreau carabine Percussion GhostCamo B&B - 130 cm,https://www.madeinchasse.com/media/catalog/product/cache/2/image/9df78eab33525d08d6e5fb8d27136e95/2/7/2770-fourreau-a-carabine-a-lunette-ghostcamo-b_b-face-2014.jpg,Le fourreau à carabine GhostCamo Blaze & Black de Percussion est un fourreau de longueur 130 cm.
TREESCO,Fourreau fusil Ligne Verney-Carron G7 - 125 cm,https://www.madeinchasse.com/media/catalog/product/cache/2/image/9df78eab33525d08d6e5fb8d27136e95/l/v/lvac055-g7-fusil-orange-2016.jpg,"L'étui à fusil G7 de Ligne Verney-Carron est un étui à fusil, qui convient à tous fusils qui ont une longueur de canons inférieure à 80 cm."
TREESCO,Fourreau carabine Ligne Verney-Carron G7 - 120 cm,https://www.madeinchasse.com/media/catalog/product/cache/2/image/9df78eab33525d08d6e5fb8d27136e95/l/v/lvac056-fourreau-carabine-orange-2019.jpg,Le fourreau à carabine G7 de Ligne Verney-Carron est un étui pour carabine avec lunette montée.
TREESCO,Fourreau carabine Ligne Verney-Carron Allos Marron - 135 cm,https://www.madeinchasse.com/media/catalog/product/cache/2/image/9df78eab33525d08d6e5fb8d27136e95/l/v/lvac177-etui-carabine-marron-kaki-face-2017.jpg,"Cet étui à carabine Allos Marron de Ligne Verney-Carron est un fourreau pour carabine avec lunette, qui se porte comme un sac à dos, vous laissant ainsi toute liberté de mouvement."
TREESCO,"Carabine air comprimé Stoeger X20 Bois / 4,5 mm",https://www.madeinchasse.com/media/catalog/product/cache/2/image/9df78eab33525d08d6e5fb8d27136e95/x/2/x20_lateral.jpg,"La carabine à air comprimé STOEGER AIRGUNS X20 Bois est une carabine à plombs en calibre 4,5 mm d'une puissance de 20 Joules, destinée aux tireurs adultes et à la chasse des petits nuisibles."
TREESCO,Gants de chasse ProHunt Snake - Ghost Camo Snake Forest,https://www.madeinchasse.com/media/catalog/product/cache/2/image/9df78eab33525d08d6e5fb8d27136e95/p/h/phma002-gants-snake-forest-ghostcamo-2017-1.jpg,"Les gants de chasse Snake - Ghost Camo Snake Forest de ProHunt, sont des gants imperméables et respirants."
TREESCO,Gants tactiles ProHunt - Snake Blaze,https://www.madeinchasse.com/media/catalog/product/cache/2/image/9df78eab33525d08d6e5fb8d27136e95/p/h/phma005-gants-fin-tactiles-blaze.jpg,Les gants tactiles ProHunt Snake Blaze sont des gants de chasse fins permettant la navigation sur les écrans de smartphone.
TREESCO,Gilet de traque ProHunt Attila,https://www.madeinchasse.com/media/catalog/product/cache/2/image/9df78eab33525d08d6e5fb8d27136e95/p/h/phgi006-gilet-attila-orange-kaki-face-2020_non_conforme_1.jpg,Le gilet ProHunt Attila est un gilet de chasse résistant en 100% Polyester avec enduction Polyuréthane.
TREESCO,Pochette rectangle 10 balles Somlys Cuir gras 1205,https://www.madeinchasse.com/media/catalog/product/cache/2/image/9df78eab33525d08d6e5fb8d27136e95/1/2/1205_1.jpg,La pochette rectangle 10 balles Somlys Cuir gras <em>1205</em> est une pochette à balles pour 10 balles.
TREESCO,Gilet reporter Enfant Percussion Camo,https://www.madeinchasse.com/media/catalog/product/cache/2/image/9df78eab33525d08d6e5fb8d27136e95/2/9/2902-gilet-reporter-enfant-camo-ce-face-2015.jpg,Le gilet reporter Enfant Camo de Percussion est un gilet multi-poches en coton.
TREESCO,Gilet de chasse maxitubes Percussion Savane,https://www.madeinchasse.com/media/catalog/product/cache/2/image/9df78eab33525d08d6e5fb8d27136e95/1/2/1286-gilet-savane-44-tubes-kaki-face-2019.jpg,"Le gilet de chasse maxitubes Savane de Percussion est un gilet léger parfaitement adapté aux temps chauds et secs, qui dispose de 44 à 50 tubes cartouchières ( selon la taille )."
TREESCO,Gilet de chasse Percussion Savane réversible,https://www.madeinchasse.com/media/catalog/product/cache/2/image/9df78eab33525d08d6e5fb8d27136e95/1/2/1269-gilet_1.jpg,"Le gilet de chasse Savane réversible de Percussion, est un gilet léger, parfaitement adapté aux temps chauds et secs."
TREESCO,Gilet de chasse Percussion Stronger Orange,https://www.madeinchasse.com/media/catalog/product/cache/2/image/9df78eab33525d08d6e5fb8d27136e95/1/2/1242-gilet-chasse-stronger-orange-face-2017.jpg,Le gilet de chasse Stronger Orange de Percussion est un gilet résistant qui offre un excellent rapport qualité / prix.
TREESCO,Canne-siège réglable GO-1215,https://www.madeinchasse.com/media/catalog/product/cache/2/image/9df78eab33525d08d6e5fb8d27136e95/g/o/go-1215.jpg,Canne-siège à hauteur réglable avec piétement Aluminium.
TREESCO,Gilet de traque Percussion - GhostCamo B&B,https://www.madeinchasse.com/media/catalog/product/cache/2/image/9df78eab33525d08d6e5fb8d27136e95/1/2/1262-gilet-traque--ghostcamo-b_b-face-2015.jpg,Ce gilet fluo de traque Percussion GhostCamo B&B est un sur-gilet haute visibilité qui se porte par dessus un vêtement ( veste ou pull ) lorsque vous être dans la traque ou au poste afin d'être bien v…
TREESCO,Gilet Percussion Traque - Orange,https://www.madeinchasse.com/media/catalog/product/cache/2/image/9df78eab33525d08d6e5fb8d27136e95/1/2/1220n-gilet_traque-orange-face-2016.jpg,Ce gilet fluo de traque Percussion Orange est un sur-gilet haute visibilité qui se porte par dessus un vêtement ( veste ou pull ) lorsque vous être dans la traque ou au poste afin d'être bien visible.
TREESCO,Guêtres de chasse Percussion Predator R2,https://www.madeinchasse.com/media/catalog/product/cache/2/image/9df78eab33525d08d6e5fb8d27136e95/2/7/2732-gu_tres-chasse-predator-kaki-orange-face-verso-2017.jpg,Les guêtres de chasse Predator R2 Orange - Kaki de Percussion sont des guêtres hautes performances en Polyester Ripstop qui offre résistance et confort optimum aux traqueurs les plus exigeants.
TREESCO,Guêtres ProHunt Rhino,https://www.madeinchasse.com/media/catalog/product/cache/2/image/9df78eab33525d08d6e5fb8d27136e95/p/h/phpi001.jpg,Les guêtres Rhino de ProHunt sont des guêtres de chasse imperméables et silencieuses.
MP-SEC,Hamac Jungle,https://www.catalogue.mp-sec.fr/media/catalog/product/cache/2/image/9df78eab33525d08d6e5fb8d27136e95/s/n/snu-hamjun-og-1-v2.jpg,"Hamac complet avec moustiquaire pour vous protéger des insectes piqueurs, il est livré avec tous les accessoires pour une mise en place facile et rapide.Fabrication en toile de parachute nylon renforcé par des triples coutures"
MP-SEC,Jean Slim Defender-Flex,https://www.catalogue.mp-sec.fr/media/catalog/product/cache/2/image/9df78eab33525d08d6e5fb8d27136e95/5/1/511-74465-649.jpg,"Le pantalon Jean Defender-Flex coupe slim répond aux demandes des utilisateurs pour un jean répondant aux critères de look, de robustesse et de flexibilité pour les activités professionnelles ou de loisirs. Il possède 5 poches classiques d'un jean pour un aspect quotidien normal et 2 poches discrètes pour chargeurs AR. Le Jean Defender-Flex en tissu élastique innovant sera idéal au barbecue, au dîner entre amis comme au champ de tir."
MP-SEC,Zephyr GTX Mid TF femme,https://www.catalogue.mp-sec.fr/media/catalog/product/cache/2/image/9df78eab33525d08d6e5fb8d27136e95/l/o/low-310537-0731_v2_1.jpg,"Chaussure légère, robuste et exceptionnellement confortable pour une utilisation sur terrain modéré. Elle est dotée d'une membrane imper-respirante en Gore-Tex® adaptée pour les zones à climat tempéré à chaud pour garder les pieds au sec. Elle est idéale pour une utilisation militaire ou outdoor sur un terrain peu accidenté."
TREESCO,Manteau de pluie Percussion Impersoft,https://www.madeinchasse.com/media/catalog/product/cache/2/image/9df78eab33525d08d6e5fb8d27136e95/1/3/1383-manteau-long-impersoft-avec-carnier-kaki-34-2015.jpg,"Le manteau long Impersoft de Percussion est un manteau de pluie léger, souple, extensible et parfaitement imperméable."
TREESCO,Monoculaire de vision nocturne thermique Pixfra M40 - Objectif 13 mm,https://www.madeinchasse.com/media/catalog/product/cache/2/image/9df78eab33525d08d6e5fb8d27136e95/d/a/da1007-01.jpg,L'appareil de vision nocturne Pixfra M40 - Objectif 13 mm est un monoculaire de vision nocturne thermique à haute définition qui permet d'observer dans le noir le plus complet les animaux et les humai…
TREESCO,Bretelle fusil cuir Niggeloh rétractable,https://www.madeinchasse.com/media/catalog/product/cache/2/image/9df78eab33525d08d6e5fb8d27136e95/s/i/sim-n1005-bretelle-fusil-cuir-retractable-0.jpg,La bretelle fusil Niggeloh cuir Premium est une élégante bretelle pour arme en cuir sellier et Néoprène.
MP-SEC,C111 noir,https://www.catalogue.mp-sec.fr/media/catalog/product/cache/2/image/9df78eab33525d08d6e5fb8d27136e95/a/r/ark-c111-bk-v2.jpg,"Pantalon de combat noir avec zips de type guérilla, il est léger et très fonctionnel. Son tissu quadrillé est résistant aux déchirures, silencieux et déperlant. Il devient vite indispensable en mission."
MP-SEC,Lacets 160 cm,https://www.catalogue.mp-sec.fr/media/catalog/product/cache/2/image/9df78eab33525d08d6e5fb8d27136e95/l/o/low-lacets-lowa_1_1_1_1_1.jpg,Paires de lacets Lowa d'une longueur de 160 cm. Paire disponible en plusieurs coloris.
TREESCO,Pantalon de chasse Enfant Percussion Stronger,https://www.madeinchasse.com/media/catalog/product/cache/2/image/9df78eab33525d08d6e5fb8d27136e95/2/9/2928-pantalon-stronger-enfant-kaki-orange-34-2021.jpg,"Le pantalon Enfant Percussion Stronger est un pantalon de chasse très résistant en 100% Polyester 600 deniers, imperméable et respirant."
GILBERT,Pantalon Grand Froid Camouflage CE,https://www.gilbert-production.fr/214-home_default/pantalon-grand-froid-camouflage-ce.jpg,"Ce Pantalon est prévu pour les environnements très froid. Entièrement doublé polaire, il maintient parfaitement la chaleur près du corps, tout en étant très Doux et Confortable."
GILBERT,Pantalon Combat Camouflage CE,https://www.gilbert-production.fr/212-home_default/pantalon-de-combat-camouflage-ce.jpg,"Ce Pantalon tactique est un modèle basé sur le Pantalon de Combat de l’Armée Française.  Il s’accorde avec les chemises de combats, et les chemises UBAS. C’est un modèle Confortable, Ultra-résistant et Confortable."
GILBERT,Pantalon F3 270 Camouflage CE,https://www.gilbert-production.fr/304-home_default/pantalon-f3-270-camouflage-ce-.jpg,"Découvrez le nouveau Pantalon Militaire F3 de l’Armée Française : un Pantalon Technique, Confortable et Ultra Résistant."
GILBERT,Pantalon F3 270 Camouflage CE,https://www.gilbert-production.fr/304-home_default/pantalon-f3-270-camouflage-ce-.jpg,"Découvrez le nouveau Pantalon Militaire F3 de l’Armée Française : un Pantalon Technique, Confortable et Ultra Résistant."
GILBERT,Pantalon ARES Noir,https://www.gilbert-production.fr/341-home_default/pantalon-ares-noir.jpg,"Adapté aux Professionnels comme aux Particuliers pour les loisirs, ce Pantalon Arès est un bon compromis. Son Style classique lui permet de s’intégrer dans tous les corps de Métiers. Pratique et Fonctionnel, il sera votre allié au quotidien ! Ce Pantalon Arès existe en Camouflage CE (Satin ou Ripstop), Noir et Kaki."
TREESCO,Fuseau de chasse Percussion Tradition,https://www.madeinchasse.com/media/catalog/product/cache/2/image/9df78eab33525d08d6e5fb8d27136e95/1/0/1027-fuseau-chasse-tradition-kaki-34-2017.jpg,Le fuseau de chasse TRADITION de Percussion est un fuseau en Polycoton résistant et traité déperlant pour la chasse par temps doux.
GK,Ceinturon de tenue Dutycall,https://gkpro.fr/wp-content/uploads/2024/02/WEB-1-22-600x600.png,"Dutycall: L’Excellence en Matière de Ceinturons de Tenue



Dutycall, notre ceinturon de tenue de 50 mm (±2mm), incarne l’innovation, le design avant-gardiste et la sécurité optimale pour répondre aux exigences opérationnelles les plus strictes. Conçu pour surpasser les standards, chaque détail a été méticuleusement pensé pour offrir une expérience exceptionnelle.

Durabilité renforcée: Le ceinturon Dutycall se distingue par son bordage intégral, assurant une durabilité exceptionnelle. Chaque usage intensif est pris en compte, faisant de ce ceinturon un compagnon fiable dans toutes les situations.
Fermeture brevetée en 3 Points: La boucle de Dutycall est dotée d’une fermeture système 3 points, garantissant une fixation robuste et sécurisée. Cette caractéristique novatrice assure une stabilité optimale, même dans les conditions les plus exigeantes. Son ergonomie étudiée représente l’apogée de l’ingénierie pour répondre aux besoins opérationnels les plus pointus.
Polyvalence redéfinie: Dutycall s’adapte à vos besoins avec polyvalence. La conception sans bout libre apparent permet de positionner des accessoires au plus près de la boucle, offrant une flexibilité sans compromis.
Ajustement personnalisé: Les 9 positions de réglage facilitent une mise en place aisée et permettent des ajustements en temps réel en cours de service, garantissant un ajustement personnalisé autour de la taille du porteur.
Sécurité avancée: La sécurité d’ouverture est optimale grâce à une manipulation à deux mains, renforçant la fiabilité lors des opérations critiques. Le retrait est simplifié en resserrant légèrement après l’ouverture du capot, assurant une réactivité immédiate.
Antiglissement intérieur: La doublure intérieure en ruban auto-agrippant empêche tout glissement d’accessoires compatibles, assurant un maintien stable dans toutes les situations.
Résistance sans compromis: Dutycall ne fait aucun compromis en matière de résistance. Il supporte une charge de plus de 1500N et résiste aux tests d’arrachement par une personne de plus de 80kg. Sa conception résiste à la déchirure, à la torsion, aux chocs, et aux variations climatiques extrêmes telles que l’humidité et la chaleur.

Optez pour Dutycall, un ceinturon de tenue polyvalent, conçu avec des normes de qualité élevées et inspiré par des années d’épreuves sur le terrain par la Gendarmerie nationale française. Fiez-vous à l’excellence, choisissez Dutycall pour des performances inégalées.



Compatible avec :


Sous-ceinturon de confort #93404
Sous-ceinture #93401
Beltkeepers #9340BK-1

Correspondance des tailles : 



TAILLE
TOUR DE TAILLE EN CM
RÉGLAGE MÉDIAN EN CM
LONGUEUR SANGLE EN CM


S
70 à 92,5
85
103,3


M
82,5 à 102,5
95
113,3


L
92,5 à 112,5
105
123,3


XL
102,5 à 122,5
115
133,3


XXL
112,5 à 130
125
143,3"
TREESCO,Pantalon de chasse hyperstretch Percussion Savane - Kaki,https://www.madeinchasse.com/media/catalog/product/cache/2/image/9df78eab33525d08d6e5fb8d27136e95/1/0/10158-pantalon_hyperstretch_savane-kaki-34-proto-2018.jpg,Le pantalon hyperstretch Percussion Savane - Kaki est un pantalon de chasse léger et très confortable grâce à son extensibilité.
TREESCO,Pantalon de chasse hyperstretch renforcé Percussion Savane,https://www.madeinchasse.com/media/catalog/product/cache/2/image/9df78eab33525d08d6e5fb8d27136e95/1/0/10161-pantalon_hyperstrech_savane_renforce-kaki-34-proto-2021.jpg,Le pantalon hyperstretch renforcé Percussion Savane - Kaki est un pantalon de chasse résistant et très confortable grâce à son extensibilité.
MP-SEC,Icon Pant,https://www.catalogue.mp-sec.fr/media/catalog/product/cache/2/image/9df78eab33525d08d6e5fb8d27136e95/5/1/511-74521-055.jpg,"Le pantalon Icon est un pantalon cargo utilitaire robuste et fonctionnel avec un total de 12 poches. C'est la version ajustée du Stryke Pant avec une coupe slim. Son tissu breveté extensible est quadrillé pour résister aux déchirures et aux taches du terrain, il suit vos mouvements dynamiques sans vous gêner."
TREESCO,Sac à dos Somlys camouflé Fire 1001,https://www.madeinchasse.com/media/catalog/product/cache/2/image/9df78eab33525d08d6e5fb8d27136e95/1/0/1001_sac_a_dos_version_2014_copie.jpg,Le sac à dos Somlys camouflé FIRE <em>1001</em> est un sac à dos de chasse d'une capacité de 40 litres en motif
TREESCO,Caleçon thermique Percussion Megadry Kaki,https://www.madeinchasse.com/media/catalog/product/cache/2/image/9df78eab33525d08d6e5fb8d27136e95/1/5/15107-calecon-megadry-kaki-face.jpg,Le caleçon thermique Megadry Kaki de Percussion est un caleçon de chasse anti-transpiration pour les chasseurs actifs comme postés.
TREESCO,Pantalon de pluie Percussion Impersoft,https://www.madeinchasse.com/media/catalog/product/cache/2/image/9df78eab33525d08d6e5fb8d27136e95/1/0/10103-pantalon-impersoft-kaki-34-2015.jpg,"Le pantalon de pluie Impersoft de Percussion est un sur-pantalon de pluie léger, souple, extensible et parfaitement imperméable."
TREESCO,Sac à dos Somlys camouflé Big Game 1002,https://www.madeinchasse.com/media/catalog/product/cache/2/image/9df78eab33525d08d6e5fb8d27136e95/1/0/1002-sac-a-dos-camoufle-big-game.jpg,Le sac à dos Somlys camouflé BIG GAME <em>1002</em> est un sac à dos de chasse d'une capacité de 40 litres en
TREESCO,Fuseau de chasse Percussion Predator R2 Kaki,https://www.madeinchasse.com/media/catalog/product/cache/2/image/9df78eab33525d08d6e5fb8d27136e95/1/0/1077-fuseau-predator--kaki-34-2017.jpg,"Le fuseau de chasse Predator R2 Kaki de Percussion est un fuseau hautes performances en Polyester Ripstop qui offre résistance, confort et respirabilité optimum aux traqueurs les plus exigeants."
TREESCO,Pantalon de chasse ProHunt Rhino Kaki,https://www.madeinchasse.com/media/catalog/product/cache/2/image/9df78eab33525d08d6e5fb8d27136e95/p/h/phpn004.jpg,Le pantalon de chasse Rhino Kaki de ProHunt est un pantalon imperméable et hyper-résistant. Il est parfaitement adapté à la traque dans des milieux où la végétation est très dense.
TREESCO,Pantalon de chasse Percussion Savane,https://www.madeinchasse.com/media/catalog/product/cache/2/image/9df78eab33525d08d6e5fb8d27136e95/1/0/1055-pantalon-savane-kaki-34-2018.jpg,"Le pantalon de chasse Savane de Percussion, est un pantalon léger, parfaitement adaptée aux temps chauds et secs."
MP-SEC,Stryke pant,https://www.catalogue.mp-sec.fr/media/catalog/product/cache/2/image/9df78eab33525d08d6e5fb8d27136e95/5/1/511-74369-055_3.jpg,"Le pantalon tactique Stryke Flex-Tac™ fonctionnel se distingue par un look dynamique, une robustesse et un confort qui font la réputation de la marque américaine. Son tissu breveté extensible est quadrillé pour résister aux déchirures et aux taches du terrain"
TREESCO,Pantalon Enfant Percussion BDU Camo,https://www.madeinchasse.com/media/catalog/product/cache/2/image/9df78eab33525d08d6e5fb8d27136e95/2/9/2904-pantalon-bdu-enfant-camo-ce-face-2015.jpg,Le pantalon enfant BDU Camo de Percussion est un pantalon de chasse enfant conçu pour les enfants qui accompagnent les grands à la chasse.
TREESCO,Pantalon de chasse Percussion Roncier Tradition - Kaki / Orange,https://www.madeinchasse.com/media/catalog/product/cache/2/image/9df78eab33525d08d6e5fb8d27136e95/1/0/1033-pantalon_roncier_tradition-orange-34-2021.jpg,Le pantalon de chasse Roncier Tradition Kaki / Orange de Percussion est un pantalon renforcé résistant et déperlant.
TREESCO,Pantalon de chasse chaud Percussion Tradition,https://www.madeinchasse.com/media/catalog/product/cache/2/image/9df78eab33525d08d6e5fb8d27136e95/1/0/10104---pantalon-chaud-tradition---kaki-34-2017.jpg,Le pantalon de chasse chaud Tradition de Percussion est un pantalon coupe droite en Polycoton résistant et traité déperlant pour la chasse par temps froid.
GK,Pantalon de service FDO Femme,https://gkpro.fr/wp-content/uploads/2023/02/ghost-pantalon-de-service-feminin-pantalon-police-pantalon-gendarmerie-WEB-600x600.png,"PANTALON DE SERVICE GK POUR FEMME FORCES DE L’ORDRE
 Ce pantalon FDO est spécialement conçu pour les femmes. Dérivé de la version pour homme, il présente toutes les caractéristiques du pantalon de dotation pour les Forces de l’ordre (même couleur bleu mat). Ce pantalon de service femme est une vraie révolution dans la gamme d’habillement GK.

Souple et ajusté, il épouse parfaitement la morphologie et offre une allure féminine.Le polyamide utilisé présente une bonne résistance à l’usure et une certaine stabilité thermique. Le coton quand à lui permet une bonne absorption de la transpiration. Il confère une sensation agréable au toucher, qui rend le pantalon confortable pour la peau. 
La présence d’élasthanne dans sa composition favorise l’aisance et offre une liberté de mouvement et un confort accrus, qu’il est aujourd’hui difficile de trouver avec les pantalons de dotation.

Ce pantalon FDO convient au personnel féminin des Forces de l’ordre ou de la sécurité. Possédant de nombreuses poches et des passants à pressions adaptés à un ceinturon, il convient à tout type de missions : patrouille, intervention… !
Il existe aussi en version homme : Pantalon FDO
COLORIS :

Coloris : Bleu Pantone 19-3921 TPX
Aspect : Mat

CARACTERISTIQUES :

Pantalon en tissu stretch offrant confort et liberté de mouvement
Taille haute
Pressions sur les passants de ceinture pour une mise en place facile et rapide du ceinturon sans ôter ses accessoires
Sangle de réglage à la ceinture avec bande auto-agrippante pour un ajustement simple et rapide à la taille
Multi-poches :

5 poches obliques latérales
2 poches cuisse zippées extra plates, taille adaptée pour carnet T.A
2 poches plaquées à l’arrière
Ajusté aux chevilles par élastique
Coutures renforcées par surpiqûre


Notre pantalon taille grand, si vous êtes entre deux tailles, nous vous conseillons de choisir la taille en dessous

COMPATIBILITE PRODUIT :

Ceinturon et ceinture avec des passants de 50 mm 

COMPOSITION :

Polyamide
Coton
Élasthanne"
TREESCO,Chapeau de chasse feutre Kaki Somlys 978,https://www.madeinchasse.com/media/catalog/product/cache/2/image/9df78eab33525d08d6e5fb8d27136e95/9/7/978-chapeau.jpg,"Le chapeau de chasse en feutre SOMLYS 978 est un beau chapeau de chasse traditionnel de type Stetson, orné d'un ruban cuir tressé."
TREESCO,Veste de traque Enfant Percussion,https://www.madeinchasse.com/media/catalog/product/cache/2/image/9df78eab33525d08d6e5fb8d27136e95/2/9/2924-veste-renfort-enfant-orange-kaki-34-2020.jpg,"La veste de traque Enfant de Percussion est une veste de chasse haute visibilité, résistante, avec un rapport qualité / prix agressif, la "" même "" que Papa."
TREESCO,Veste de chasse Percussion Brocard GhostCamo B&B,https://www.madeinchasse.com/media/catalog/product/cache/2/image/9df78eab33525d08d6e5fb8d27136e95/1/3/1353-veste-chasse-brocard-gohostcamo-b_b-face-2015.jpg,La veste de chasse Brocard en Skintane Optimum GhostCamo Blaze & Black de Percussion est une veste au camouflage haute-définition et à l'efficacité thermique maximale.
TREESCO,Bonnet de chasse brodé Sanglier Somlys 2463,https://www.madeinchasse.com/media/catalog/product/cache/2/image/9df78eab33525d08d6e5fb8d27136e95/2/4/2463k-bonnet-broderie-sanglier_1.jpg,"Le bonnet Somlys 2463 orné d'une broderie Sanglier est un bonnet de chasse en maille Acrylique doublée polaire, avec membrane coupe-vent Thinsulate."
TREESCO,Coupe-vent fourré Enfant Percussion Camo,https://www.madeinchasse.com/media/catalog/product/cache/2/image/9df78eab33525d08d6e5fb8d27136e95/2/9/2914-coupe-vent-fourre-enfant-camo-ce-face-2015.jpg,Le coupe-vent fourré Enfant Camo de Percussion est une veste de chasse pour enfant chaude et imperméable.
TREESCO,Sabots Crocs Classic Realtree,https://www.madeinchasse.com/media/catalog/product/cache/2/image/9df78eab33525d08d6e5fb8d27136e95/v/c/vc13043.jpg,"Les sabots Crocs Classic Realtree en résine Croslite sont des sabots d'après-chasse légers, souples et ultra-confortables pour les loisirs, la maison et le jardin."
TREESCO,Batterie 6 Volts rechargeable pour agrainoir automatique 6V,https://www.madeinchasse.com/media/catalog/product/cache/2/image/9df78eab33525d08d6e5fb8d27136e95/b/a/batterie_6_volts.jpg,Batterie 6 Volts rechargeable pour agrainoir automatique 6 Volts à programmateur digital.
TREESCO,Agrainoir automatique 12 Volts à programmateur digital,https://www.madeinchasse.com/media/catalog/product/cache/2/image/9df78eab33525d08d6e5fb8d27136e95/1/2/12_v_1.jpg,"Agrainoir automatique 12 Volts à programmateur digital conçu pour agrainer différentes espèces de petit gibier tels que faisans ou canards, de grand gibier comme les sangliers, cervidés et chevreuils,…"
TREESCO,Blouson polaire Percussion Cor brodé Logo,https://www.madeinchasse.com/media/catalog/product/cache/2/image/9df78eab33525d08d6e5fb8d27136e95/1/5/1562-blouson-polairecor-brode-kaki-percussion-34-2021.jpg,"Le blouson de chasse polaire Cor brodé logo de Percussion est une polaire chaude et confortable, avec des performances élevées à prix accessible comme tous les produits de la gamme Stronger."
TREESCO,Blouson polaire réversible ProHunt,https://www.madeinchasse.com/media/catalog/product/cache/2/image/9df78eab33525d08d6e5fb8d27136e95/p/h/phpo002-blouson.jpg,Le blouson polaire réversible ProHunt est un blouson polaire de chasse qui présente une face unie Kaki et une face camouflage GhostCamo Blaze & Black.
TREESCO,Poncho de pluie Percussion - Camo,https://www.madeinchasse.com/media/catalog/product/cache/2/image/9df78eab33525d08d6e5fb8d27136e95/1/3/1343--poncho-camo-face-2015.jpg,"Léger et 100% imperméable, le poncho de pluie Camo de Percussion sera votre meilleur allié pour vous protéger de la pluie lors de vos chasses au poste."
TREESCO,Poncho de pluie Percussion - Kaki,https://www.madeinchasse.com/media/catalog/product/cache/2/image/9df78eab33525d08d6e5fb8d27136e95/1/3/1342-poncho-kaki-face-2015.jpg,"Léger et 100% imperméable, le poncho de pluie de Percussion Kaki sera votre meilleur allié pour vous protéger de la pluie lors de vos chasses au poste."
TREESCO,Pantalon de chasse déperlant LMA Martre,https://www.madeinchasse.com/media/catalog/product/cache/2/image/9df78eab33525d08d6e5fb8d27136e95/1/3/1396-martre.jpg,Le pantalon LMA Martre est un pantalon de chasse léger et déperlant avec enduction Polyacrylique.
GK,Porte-mousqueton red label,https://gkpro.fr/wp-content/uploads/2022/08/9415-FACE-600x600.jpg,"PORTE-MOUSQUETON RED LABEL
La gamme RedLabel, connue pour son design sobre et discret, possède 2 qualités principales :
– Résistance : sa composition en CORDURA® lui confère une résistance extrême à l’abrasion et une très bonne résistance à la chaleur et au feu. De par leur composition les bords et leurs doubles coutures ne se déformeront pas et ne se détérioreront pas dans le temps.
– Modularité : son système de passant breveté lui permet de s’adapter sur différentes tailles de ceintures et/ou ceinturons ainsi que sur d’autres équipements (plaque de cuisse, gilets tactiques, …)
 
Utile et pratique permet de transporter et d’accéder rapidement à son mousqueton ou ses clefs
Passant en sangle
Mousqueton traité bronzage noir
 
INSTRUCTIONS D’ENTRETIEN du porte-mousqueton #9415 :
Brosser légèrement
Nettoyer avec un chiffon humide
Laisser sécher à l’air libre
CARACTERISTIQUES

Utile et pratique permet de transporter et d’accéder rapidement à son mousqueton ou ses clefs
Passant en sangle
Mousqueton traité bronzage noir

COMPOSITION

Fil : Polyamide haut ténacité
Sangle : Polypropylène
Mousqueton : Polyamide"
GK,Porte-aerosol diam. 35mm red label,https://gkpro.fr/wp-content/uploads/2022/08/9406-FACE-600x600.jpg,"PORTE-AEROSOL DIAM. 35mm RED LABEL
La gamme RedLabel, connue pour son design sobre et discret, possède 2 qualités principales :
– Résistance : sa composition en CORDURA® lui confère une résistance extrême à l’abrasion et une très bonne résistance à la chaleur et au feu. De par leur composition les bords et leurs doubles coutures ne se déformeront pas et ne se détérioreront pas dans le temps.
– Modularité : son système de passant breveté lui permet de s’adapter sur différentes tailles de ceintures et/ou ceinturons ainsi que sur d’autres équipements (plaque de cuisse, gilets tactiques, …)
Le nouveau modèle avec une double piqûre améliore encore la qualité et la finition du produit afin que celui-ci dure encore plus dans le temps.
Le nouveau passant breveté intégré s’adapte facilement et rapidement à un ceinturon ou à une ceinture.
De plus, une cale additionnelle est fournie :  permet d’adapter la profondeur du porte aérosol en fonction de l’aérosol.
Porte-aérosol 75 ml – diam 35 mm – Rabat avec fermeture par bouton pression.
 
INSTRUCTIONS D’ENTRETIEN du porte-aérosol #9406 :
Brosser légèrement
Nettoyer avec un chiffon humide
Laisser sécher à l’air libre
CARACTERISTIQUES

Nouveau modèle avec une double piqûre
Nouveau passant breveté
Cale additionnelle fournie
Porte-aérosol 75 ml – diam 35 mm

COMPOSITION

Tissu : Polyamide haut ténacité
Mousse : Polyethylène
Doublure : Polyamide
Fil : Polyamide haut ténacité
Bordure : Polyamide haut ténacité
Sangle : Polypropylène
Renforts : Polyéthylène
Pressions : Laiton/Plastique
Bande auto-agrippante : Polyamide"
GK,Bâton télescopique Acier & Aluminium – bouton poussoir,https://gkpro.fr/wp-content/uploads/2023/05/580AL-17-plie-web-600x600.png,"Le bâton télescopique Acier & Aluminium avec bouton poussoir a été créée afin de satisfaire les besoins des agents.
L’utilisation est intuitive, rapide et facile : pour déplier le bâton, il suffit d’effectuer un simple geste rapide de l’avant-bras ; pour le rétracter, un système de bouton poussoir permet à l’utilisateur de le replier sans aucun effort. Ce système est également un atout majeur dans un petit espace ou pour ouvrir le bâton discrètement, il suffit de tirer l’extrémité en appuyant sur le bouton.
Le grip utilisé sur ce bâton améliore la prise en main et évite les glissements, pour procurer encore plus d’assurance à l’utilisateur. Adapté aux opérations et besoins des Forces de l’ordre, le bâton télescopique Acier & Aluminium avec bouton poussoir répond parfaitement aux exigences du terrain.
Compatible avec nos modules lampe et brise-glace, n’hésitez plus !
Les bâtons GK vont rapidement devenir un incontournable des BDT. En trois mots : ergonomique, résistant et tactique.
Deux tailles disponibles : 

17″ : +/- 41,5 cm (ouvert), +/- 19,5 cm (fermé), 318g (+/- 20g)
21″ : +/- 51,5 cm (ouvert), +/- 22,5 cm (fermé), 370g (+/- 20 g)

Besoin d’avoir un bâton télescopique complet ? Vous pouvez également installer notre module lampe au niveau de votre bouton poussoir et un module brise-glace à son extrémité. Ainsi vous aurez un bâton télescopique pour faire fasse à toutes les situations.
CARACTÉRISTIQUES :

Acier et aluminium
Diamètre : 28,5 mm
Rétractable
Equipé d’un bouton poussoir pour libérer ou rétracter le bâton facilement et rapidement
Marquage GK sur le devant
Poignée grippée

PRODUITS COMPATIBLES :
Les éléments compatibles :

#580-LAMP Module lampe
#580-BRIS Module brise-glace

Les porte-bâtons compatibles :

#9860P Porte-bâton télescopique pivotant Timecop
#4960 Porte-bâton télescopique pivotant Copland
#990270 Porte-bâton NEO GK Undercover"
GK,Porte-bâton pivotant pour système m.o.l.l.e,https://gkpro.fr/wp-content/uploads/2022/08/9860PSM-PM-FACE-600x600.jpg,"PORTE-BÂTON PIVOTANT POUR SYSTÈME M.O.L.L.E
Celui-ci est conçu pour porter et protéger un bâton télescopique de défense (BTD)
Sa sangle de serrage à l’avant permet de s’adapter à tous les bâtons télescopiques afin de rendre ce porte-accessoire universel
Son ingénieux système pivotant à 180° avec système TURNSTOP avec 5 positions de blocage vous assure une personnalisation de port sans égal.
De plus, une ouverture en bas permet de remettre le bâton déplié
 
 
INSTRUCTIONS D’ENTRETIEN PORTE-BÂTON PIVOTANT POUR SYSTÈME M.O.L.L.E :

Brosser légèrement
Nettoyer avec un chiffon humide
Laisser sécher à l’air libre

CARACTERISTIQUES

Sangle de serrage
Système pivotant à 180° avec système TURNSTOP avec 5 positions de blocage
Ouverture en bas

COMPOSITION

Tissu : Polyamide haute ténacité
Bordure : Polyamide haute ténacité
Sangle : Polypropylène
Fil : Polyamide haute ténacité
Renforts plastiques : Polyéthylène
Bande auto-agrippante : Polyamide
Bouton pression : laiton bronzé (calotte métalloplastique)
Pièces métalliques : laiton ou acier traité anticorrosion"
GK,Porte-chargeur horizontal vertical red label,https://gkpro.fr/wp-content/uploads/2020/01/9403.2-FACE-WEB-600x600.png,"PORTE-CHARGEUR HORIZONTAL VERTICAL RED LABEL
La gamme RedLabel, connue pour son design sobre et discret, possède 2 qualités principales :
 – Résistance : sa composition en CORDURA® lui confère une résistance extrême à l’abrasion et une très bonne résistance à la chaleur et au feu. De par leur composition les bords et leurs doubles coutures ne se déformeront pas et ne se détérioreront pas dans le temps.
 – Modularité : son système de passant breveté lui permet de s’adapter sur différentes tailles de ceintures et/ou ceinturons ainsi que sur d’autres équipements (plaque de cuisse, gilets tactiques, …)
Nous avons conçu ce produit afin que 2 types de ports soient possibles : Horizontal et Vertical. Ainsi, le porte-chargeur peut totalement s’adapter à vos besoins et habitudes.
De plus, un rabat sécurisant, se fermant par 2 boutons pression, est intégré afin de protéger le chargeur et vous assurer une sécurité optimale. Celui-ci est aussi rigide afin d’éviter toute déformation sous le poids du chargeur contenant des munitions.
CARACTERISTIQUES

Porte-chargeur RED LABEL
Port horizontal ou vertical
Rabat sécurisant avec 2 boutons pressions
Pour chargeur de pistolet automatique
Compatible avec des ceinturons de 50mm, 40mm et 30mm de largeur

COMPOSITION

Tissu : Polyamide haute ténacité
Mousse : Polyéthylène
Fil : Polyamide haute ténacité
Bordure : Polyamide haute ténacité
Sangle : Polypropylène
Renforts : Polyéthylène
Pressions : Laiton/Plastique
Bande auto-agrippante : Polyamide"
GK,Porte-chargeur horizontal vertical red label,https://gkpro.fr/wp-content/uploads/2020/01/9403.2-FACE-WEB-600x600.png,"PORTE-CHARGEUR HORIZONTAL VERTICAL RED LABEL
La gamme RedLabel, connue pour son design sobre et discret, possède 2 qualités principales :
 – Résistance : sa composition en CORDURA® lui confère une résistance extrême à l’abrasion et une très bonne résistance à la chaleur et au feu. De par leur composition les bords et leurs doubles coutures ne se déformeront pas et ne se détérioreront pas dans le temps.
 – Modularité : son système de passant breveté lui permet de s’adapter sur différentes tailles de ceintures et/ou ceinturons ainsi que sur d’autres équipements (plaque de cuisse, gilets tactiques, …)
Nous avons conçu ce produit afin que 2 types de ports soient possibles : Horizontal et Vertical. Ainsi, le porte-chargeur peut totalement s’adapter à vos besoins et habitudes.
De plus, un rabat sécurisant, se fermant par 2 boutons pression, est intégré afin de protéger le chargeur et vous assurer une sécurité optimale. Celui-ci est aussi rigide afin d’éviter toute déformation sous le poids du chargeur contenant des munitions.
CARACTERISTIQUES

Porte-chargeur RED LABEL
Port horizontal ou vertical
Rabat sécurisant avec 2 boutons pressions
Pour chargeur de pistolet automatique
Compatible avec des ceinturons de 50mm, 40mm et 30mm de largeur

COMPOSITION

Tissu : Polyamide haute ténacité
Mousse : Polyéthylène
Fil : Polyamide haute ténacité
Bordure : Polyamide haute ténacité
Sangle : Polypropylène
Renforts : Polyéthylène
Pressions : Laiton/Plastique
Bande auto-agrippante : Polyamide"
GK,Porte-cles silencieux timecop,https://gkpro.fr/wp-content/uploads/2022/08/9815-FACE-600x600.jpg,"PORTE-CLES SILENCIEUX TIMECOP
La gamme TIMECOP est un parfait mélange d’élégance et de sécurité.
Sa composition lui confère une résistance accrue dans le temps. Son système de passant à double boutons pressions lui permet un maintien optimal et sécurisé sur le ceinturon et/ou ceinture.
De plus le passant TIMECOP est doublé d’une bande auto-agrippante permettant une stabilité maximale sur le ceinturon et/ou ceinture.
Rabat avec bande auto-agrippante permettant de se déplacer silencieusement car les clefs ne s’entrechoquent pas
Évite de raccrocher ses clefs sur divers objets
Ouverture type portefeuille
Anneau porte-clefs centré
Fermeture par système auto-agrippant
Passant de ceinture muni de boutons pression et doublé d’auto-agrippant pour une stabilité optimale de l’étui sur le ceinturon
CARACTERISTIQUES

Rabat avec bande auto-agrippante permettant de se déplacer silencieusement
Évite de raccrocher ses clefs sur divers objets
Ouverture type portefeuille
Anneau porte-clefs centré
Fermeture par système auto-agrippant
Passant de ceinture muni de boutons pression et doublé d’auto-agrippant"
GK,Porte-menottes red label,https://gkpro.fr/wp-content/uploads/2020/01/9410-FACE-web-600x600.png,"PORTE-MENOTTES RED LABEL
La gamme RedLabel, connue pour son design sobre et discret, possède 2 qualités principales :
– Résistance : sa composition en CORDURA® lui confère une résistance extrême à l’abrasion et une très bonne résistance à la chaleur et au feu. De par leur composition les bords et leurs doubles coutures ne se déformeront pas et ne se détérioreront pas dans le temps.
– Modularité : son système de passant breveté lui permet de s’adapter sur différentes tailles de ceintures et/ou ceinturons ainsi que sur d’autres équipements (plaque de cuisse, gilets tactiques, …)
Ce nouveau modèle avec une double piqure améliore la qualité et la finition du produit. Ce porte-menottes est conçu pour durer.
Notre nouveau passant breveté, intégré directement au produit permet une adaptation facile et rapide à votre ceinturon ou à une ceinture.
De plus, nous savons votre besoin de sécurité lors du transport de vos accessoires. C’est pourquoi nous avons ajouté un rabat avec fermeture par bouton pression. Cela garantit un parfait maintien de l’accessoire et une sécurité optimale.
Compatible avec les menottes administratives des Forces de l’Ordre françaises ou menottes grands modèles
CARACTERISTIQUES

Double piqure améliorant la qualité et la finition du produit.
Nouveau passant breveté s’adaptant facilement et rapidement à un ceinturon ou à une ceinture.
Porte-menottes pour menottes administratives ou menottes grands modèles
Rabat avec fermeture par bouton pression."
GK,Porte-menottes timecop,https://gkpro.fr/wp-content/uploads/2022/08/9810-FACE-600x600.jpg,"La gamme TIMECOP est un parfait mélange d‘élégance et de sécurité.
Sa composition lui confère une résistance accrue dans le temps.
Son système de passant à double boutons pressions lui permet un maintien optimal et sécurisé sur le ceinturon et/ou ceinture. De plus le passant TIMECOP est doublé d’une bande auto-agrippante permettant une stabilité maximale sur le ceinturon et/ou ceinture.
CARACTERISTIQUES :

Compatible menottes administratives des Forces de l’Ordre françaises ou menottes grands modèles
Rabat avec fermeture par bouton pression.
Passant de ceinture munie de boutons pression et doublé d’auto-agrippant"
GK,Porte-menottes horizontal vertical,https://gkpro.fr/wp-content/uploads/2022/08/95410-FACE-600x600.jpg,"PORTE-MENOTTES HORIZONTAL VERTICAL
La gamme RedLabel, connue pour son design sobre et discret, possède 2 qualités principales :
– Résistance : sa composition en CORDURA® lui confère une résistance extrême à l’abrasion et une très bonne résistance à la chaleur et au feu. De par leur composition les bords et leurs doubles coutures ne se déformeront pas et ne se détérioreront pas dans le temps.
– Modularité : son système de passant breveté lui permet de s’adapter sur différentes tailles de ceintures et/ou ceinturons ainsi que sur d’autres équipements (plaque de cuisse, gilets tactiques, …)
Nous avons voulu créer un porte-accessoire conçu pour tous les types de menottes (universel) et avec un port modulable. En effet, 2 types de ports sont proposés afin de s’adapter à vos besoins et préférences.
De plus, un anneau porte-clé et un système de maintien des clés sont intégrés au porte-accessoire.
CARACTERISTIQUES

Conçu pour tous les types de menottes
2 types de ports, en fonction des besoins et/ou des préférences
Anneau porte-clef et système de maintien des clef
Porte-menottes grand modèle"
TREESCO,Pull de chasse ProHunt Muntjac - Kaki,https://www.madeinchasse.com/media/catalog/product/cache/2/image/9df78eab33525d08d6e5fb8d27136e95/p/h/phpu001-pull-muntjac-kaki-34-2020.jpg,"Le pull ProHunt Muntjac Kaki est un pull de chasse double couche coupe-vent, chaud et confortable."
TREESCO,Pull de chasse Percussion col rond brodé Logo,https://www.madeinchasse.com/media/catalog/product/cache/2/image/9df78eab33525d08d6e5fb8d27136e95/1/5/1567-pull-col-rond-kaki-percussion-face-2018.jpg,Le pull de chasse à col rond brodé logo de Percussion est un pull col rond avec une broderie du logo Percussion sur la poitrine.
TREESCO,Pull de chasse Ligne Verney-Carron Fox rond,https://www.madeinchasse.com/media/catalog/product/cache/2/image/9df78eab33525d08d6e5fb8d27136e95/c/i/cis-lvpu121-fox-rond-0.jpg,Le pull de chasse Fox de Ligne Verney-Carron est un pull à col rond avec renforts aux épaules et aux coudes.
TREESCO,Pull de chasse Percussion col cheminée brodé Logo,https://www.madeinchasse.com/media/catalog/product/cache/2/image/9df78eab33525d08d6e5fb8d27136e95/1/5/1566-pull-brode-col-camionneur-kaki-percussion-face-2018.jpg,Le pull de chasse à col cheminée brodé logo de Percussion est un pull boutonné avec une broderie du logo Percussion sur la poitrine.
TREESCO,Pull de chasse Ligne Verney-Carron Fox zippé,https://www.madeinchasse.com/media/catalog/product/cache/2/image/9df78eab33525d08d6e5fb8d27136e95/l/v/lvpu125-pull-fox-zippe-marron-34-2017.jpg,Le pull de chasse Fox zippé de Ligne Verney-Carron est un pull à col zippé avec renforts aux épaules et aux coudes.
MP-SEC,Softie Elite 3 (-5°/-10°),https://www.catalogue.mp-sec.fr/media/catalog/product/cache/2/image/9df78eab33525d08d6e5fb8d27136e95/d/u/duvet-softie-elite-3.jpg,Sac de couchage sarcophage léger et flexible parfaitement adapté pour une utilisation polyvalente grâce à son panneau d'expansion intégré permettant d'augmenter le volume interne du duvet. Vous pourrez ainsi contrôler la température et le confort du duvet avec ce soufflet d'extension. La présence de clips au pied du duvet offre la possibilité de réduire la longueur de 220 cm à 175 cm. Ce clip permet aussi de le suspendre pour l'aérer par exemple. Le fond du sac est renforcé en polyester afin de dormir avec les chaussures.
MP-SEC,Softie Elite 4 (-10°/-15°),https://www.catalogue.mp-sec.fr/media/catalog/product/cache/2/image/9df78eab33525d08d6e5fb8d27136e95/d/u/duvet-softie-elite-4.jpg,Sac de couchage sarcophage flexible pour les basses températures en dessous de 0 °C parfaitement adapté grâce à son panneau d'expansion intégré permettant d'augmenter le volume interne du duvet. Vous pourrez ainsi contrôler la température et le confort du duvet avec ce soufflet d'extension. La présence de clips au pied du duvet offre la possibilité de réduire la longueur de 220 cm à 175 cm. Ce clip permet aussi de le suspendre pour l'aérer par exemple. Le fond du sac est renforcé en polyester afin de dormir avec les chaussures.
MP-SEC,Softie Elite 5 (-15°/-20°),https://www.catalogue.mp-sec.fr/media/catalog/product/cache/2/image/9df78eab33525d08d6e5fb8d27136e95/d/u/duvet-softie-elite-5.jpg,Sac de couchage sarcophage flexible pour les basses températures en dessous de 0°c parfaitement adapté grâce à son panneau d'expansion intégré permettant d'augmenter le volume interne du duvet. Vous pourrez ainsi contrôler la température et le confort du duvet avec ce soufflet d'extension. La présence de clips au pied du duvet offre la possibilité de réduire la longueur de 220 cm à 175 cm.
MP-SEC,Jungle Bag (7°/2°),https://www.catalogue.mp-sec.fr/media/catalog/product/cache/2/image/9df78eab33525d08d6e5fb8d27136e95/j/u/jungle-bag-3.jpg,"Sac de couchage léger avec une moustiquaire pour vous protéger des insectes piqueurs. Son garnissage en Travelsoft lui procure une bonne respirabilité et une bonne évacuation de l'humidité sans avoir besoin d'ouvrir le sac entièrement, une solution idéale sous les tropiques quand il fait chaud et humide. Totalement ouvert, il devient polyvalent grâce à sa forme carrée qui le transforme en couette ou en couverture d'appoint pour les zones tempérées."
MP-SEC,Montage épaule MOHOC,https://www.catalogue.mp-sec.fr/media/catalog/product/cache/2/image/9df78eab33525d08d6e5fb8d27136e95/m/o/moh-mh-sm.jpg,Montage Velcro® pour fixer la caméra MOHOC à l'épaule sur la bretelle d'un gilet ou d'un sac à dos. Se replie en 2 volets Velcro® sur la bretelle.
MP-SEC,BFM Coyote Futura v3,https://www.catalogue.mp-sec.fr/media/catalog/product/cache/2/image/9df78eab33525d08d6e5fb8d27136e95/c/a/cam-62623-a.jpg,Sac à dos robuste et léger de couleur coyote en Cordura® rip stop avec un traitement IR très performant. Son harnais FUTURA favorise le transport ainsi que la stabilité grâce à ses caractéristiques ajustables qui permettent à chaque utilisateur de pouvoir le régler en fonction de sa morphologie. Il inclut le réservoir anti microbien Antidote™ 3 Litres long.
MP-SEC,Rush 100,https://www.catalogue.mp-sec.fr/media/catalog/product/cache/2/image/9df78eab33525d08d6e5fb8d27136e95/5/1/511-56555-186-front.jpg,"Sac à dos modulaire très résistant et vraiment fonctionnel avec un volume de 60 litres qui est idéal pour partir en mission sur plusieurs jours. Les poches latérales peuvent être rapidement détachées et converties en sac d'emport rapide ou installées sur la ceinture. Ce sac à dos propose de nombreux compartiments pour rester organisé, ainsi qu'une poche extérieure facile d'accès aux équipements nécessaires et une poche à lunette molletonnée. Il peut accueillir un système d'hydratation, le harnais possède une structure en aluminium et en fibre de verre pour supporter les charges les plus lourdes et la ceinture rembourrée amovible permet de supporter le poids sur les hanches pour plus de confort."
MP-SEC,Rush 12 2.0,https://www.catalogue.mp-sec.fr/media/catalog/product/cache/2/image/9df78eab33525d08d6e5fb8d27136e95/5/1/511-56561-019.jpg,"Petit sac à dos tactique Rush™ 12 dans sa nouvelle version, très résistant et très fonctionnel, il est idéal pour partir en mission ou en trek pour la journée. Petit sac à dos très compartimenté pour rester organisé de jour comme de nuit."
MP-SEC,Rush MOAB 6,https://www.catalogue.mp-sec.fr/media/catalog/product/cache/2/image/9df78eab33525d08d6e5fb8d27136e95/5/1/511-56963-019-v2.jpg,"Sac ambidextre truffé d'innovations fonctionnelles, polyvalent et compatible CCW, il est idéal pour le quotidien ou l'urgence. Il est équipé d'un dos matelassé ventilé, de tampons antidérapants, de poignées et de sangles de compression. Les sacs Rush MOAB™ sont conçu pour une utilisation ambidextre lorsqu'ils sont positionnés à l'avant du corps. Compatible système Rush Tier (non inclus)."
TREESCO,Blouson softshell Percussion Orange - Kaki,https://www.madeinchasse.com/media/catalog/product/cache/2/image/9df78eab33525d08d6e5fb8d27136e95/1/5/15103-blouson-softshell-kaki-orange-34-2020.jpg,Le blouson Softshell GhostCamo Orange - Kaki de Percussion est une veste de chasse en Softshell 3 couches de grande qualité avec membrane imper-respirante.
TREESCO,Blouson ProHunt Softshell Snake - Ghost Camo Snake blaze,https://www.madeinchasse.com/media/catalog/product/cache/2/image/9df78eab33525d08d6e5fb8d27136e95/p/h/phpo004-softshell-jacket-snake-ghost-camo-blaze-hd-34-2017.jpg,La veste de chasse Softshell Snake - Ghost Camo Snake blaze de ProHunt est un blouson concentré de technicité. Elle offre le meilleur rapport poids/qualités thermiques. Souple et légère elle est imper…
TREESCO,Blouson softshell Percussion GhostCamo B&B,https://www.madeinchasse.com/media/catalog/product/cache/2/image/9df78eab33525d08d6e5fb8d27136e95/1/5/15122-blouson-softshell-ghostcamo-bb-capuche-34-2018.jpg,Le blouson Softshell GhostCamo Blaze & Black de Percussion est une veste de chasse en Softshell 3 couches de grande qualité à motif camouflage avec membrane imper-respirante.
TREESCO,Blouson de chasse Enfant Percussion softshell Ghostcamo Blaze & Black,https://www.madeinchasse.com/media/catalog/product/cache/2/image/9df78eab33525d08d6e5fb8d27136e95/2/9/2929-softshell-enfant-gcbb-34-proto-2018.jpg,Le blouson Enfant Percussion Ghostcamo Blaze & Black est un blouson de chasse softshell triple couche imperméable et respirant.
TREESCO,Blouson polaire Enfant ProHunt Wolf Camo Wet - Kaki,https://www.madeinchasse.com/media/catalog/product/cache/2/image/9df78eab33525d08d6e5fb8d27136e95/p/h/phpo007_blouson_wolf_enfant_wet.jpg,Le blouson polaire Enfant ProHunt Wolf Camo Wet - Kaki est un blouson chaud à capuche doté d'une membrane imper-respirante.
TREESCO,Sweatshirt thermique Percussion Megadry Noir,https://www.madeinchasse.com/media/catalog/product/cache/2/image/9df78eab33525d08d6e5fb8d27136e95/1/5/15106-sweat-shirt-megadry-noir-face-2015.jpg,Le sweatshirt thermique Megadry Noir de Percussion est un sweat-shirt de chasse anti-transpiration pour les chasseurs actifs comme postés.
GILBERT,T-Shirt Polaire Kaki,https://www.gilbert-production.fr/298-home_default/t-shirt-polaire-kaki.jpg,Ce T-shirt en polyester micro-polaire est à la fois doux et confortable. Il conserve efficacement la chaleur près du corps tout en laissant la peau respirer. Il se porte facilement sous un pull ou un sweat en Hiver.
TREESCO,Tee-shirt de chasse Percussion ML Camo,https://www.madeinchasse.com/media/catalog/product/cache/2/image/9df78eab33525d08d6e5fb8d27136e95/1/5/1538--t-shirt-manches-longues-camo--ce-face-2015_1.jpg,"Le tee-shirt manches longues Percussion Camo sera l'indispensable de votre armoire de chasse, en toutes saisons."
TREESCO,Tee-shirt de chasse Percussion fluo,https://www.madeinchasse.com/media/catalog/product/cache/2/image/9df78eab33525d08d6e5fb8d27136e95/1/5/15109-t-shirt-fluo-orange-face-2018.jpg,Le TEE-SHIRT DE CHASSE Percussion est un tee-shirt fluo orange haute visibilité en maille alvéolée pour la chasse par temps chaud.
TREESCO,Tee-shirt ProHunt Snake - Ghost Camo Snake Blaze,https://www.madeinchasse.com/media/catalog/product/cache/2/image/9df78eab33525d08d6e5fb8d27136e95/p/h/phts001-tee-snake-blaze-2017.jpg,Le Tee-shirt de chasse Snake - Ghost Camo Snake Blaze de ProHunt est un tee-shirt idéal pour les chasses en période estivale.
MP-SEC,A110 Noir,https://www.catalogue.mp-sec.fr/media/catalog/product/cache/2/image/9df78eab33525d08d6e5fb8d27136e95/a/r/ark-a110-bk-v1-1.jpg,"Chemise pour climat chaud de type guérilla noire. Elle est équipée d’ouvertures qui facilitent l'aération pendant les activités dynamiques en régions chaudes et humides. Chemise légère indispensable et très fiable pour la jungle et le désert. Son tissu quadrillé est résistant aux déchirures, silencieux et déperlant."
TREESCO,Veste de chasse Percussion Tradition Evo Haute visibilité,https://www.madeinchasse.com/media/catalog/product/cache/2/image/9df78eab33525d08d6e5fb8d27136e95/1/3/13126-veste_tradition-orange-34-2020.jpg,La veste de chasse Tradition Evo Haute visibilité de Percussion est une veste en Polycoton résistant et traité déperlant pour la chasse par temps doux.
GILBERT,Veste F3 270 Camouflage CE,https://www.gilbert-production.fr/332-home_default/veste-f3-210-camouflage-ce.jpg,"Découvrez la Veste Militaire F3 de l’Armée Française : une Veste Technique, Confortable et Ultra Résistante."
TREESCO,Veste de chasse Percussion Grand Nord GhostCamo B&B,https://www.madeinchasse.com/media/catalog/product/cache/2/image/9df78eab33525d08d6e5fb8d27136e95/1/3/1391-veste-grand-nord-gostcamo-b.b-capuche-34-2018.jpg,"La veste de chasse Percussion Grand Nord - GhostCamo Blaze & Black est une véritable arme anti-froid : imperméable, respirante et doublée polaire."
TREESCO,Veste de pluie Percussion Impersoft,https://www.madeinchasse.com/media/catalog/product/cache/2/image/9df78eab33525d08d6e5fb8d27136e95/1/3/1382-veste-impersoft-avec-carnier-kaki-34-2015.jpg,"La veste de pluie Impersoft de Percussion est une veste de pluie légère, souple, extensible et parfaitement imperméable."
TREESCO,Veste de chasse Percussion Rambouillet original - Marron,https://www.madeinchasse.com/media/catalog/product/cache/2/image/9df78eab33525d08d6e5fb8d27136e95/1/3/1374-veste-chasse-rambouillet-original-marron-02-34-2021.jpg,"La veste de chasse Rambouillet original - Marron de Percussion est un veste technique imper-respirante qui offre élégance, résistance et confort par temps froid."
TREESCO,Veste de chasse Percussion Tradition,https://www.madeinchasse.com/media/catalog/product/cache/2/image/9df78eab33525d08d6e5fb8d27136e95/1/3/1323-veste-chasse-tradition-kaki-34-2017.jpg,La veste de chasse Tradition de Percussion est une veste en Polycoton résistant et traité déperlant pour la chasse par temps doux.
TREESCO,Veste de traque Percussion Stronger Evo - Orange,https://www.madeinchasse.com/media/catalog/product/cache/2/image/9df78eab33525d08d6e5fb8d27136e95/1/3/1357n-veste_stronger-orange-34-proto-2022.jpg,"La veste de traque Stronger Evo Orange de Percussion est une veste de chasse aux performances élevées à un prix accessible, comme tous les articles de la ligne Stronger."
